Line,Month,delay_minutes
Bakerloo,2015-01-01,6.04
Bakerloo,2015-02-01,6.54
Bakerloo,2015-03-01,4.77
Bakerloo,2015-04-01,5.4
Bakerloo,2015-05-01,5.23
Bakerloo,2015-06-01,5.03
Bakerloo,2015-07-01,5.14
Bakerloo,2015-08-01,5.73
Bakerloo,2015-09-01,4.8
Bakerloo,2015-10-01,5.95
Bakerloo,2015-11-01,4.76
Bakerloo,2015-12-01,6.0
Bakerloo,2016-01-01,6.67
Bakerloo,2016-02-01,5.24
Bakerloo,2016-03-01,4.83
Bakerloo,2016-04-01,5.5
Bakerloo,2016-05-01,6.19
Bakerloo,2016-06-01,5.6
Bakerloo,2016-07-01,4.64
Bakerloo,2016-08-01,4.74
Bakerloo,2016-09-01,6.96
Bakerloo,2016-10-01,5.72
Bakerloo,2016-11-01,5.4
Bakerloo,2016-12-01,5.11
Bakerloo,2017-01-01,5.65
Bakerloo,2017-02-01,4.37
Bakerloo,2017-03-01,5.3
Bakerloo,2017-04-01,4.36
Bakerloo,2017-05-01,4.48
Bakerloo,2017-06-01,5.45
Bakerloo,2017-07-01,4.8
Bakerloo,2017-08-01,4.54
Bakerloo,2017-09-01,3.99
Bakerloo,2017-10-01,5.41
Bakerloo,2017-11-01,4.78
Bakerloo,2017-12-01,5.04
Bakerloo,2018-01-01,4.77
Bakerloo,2018-02-01,5.52
Bakerloo,2018-03-01,4.99
Bakerloo,2018-04-01,5.31
Bakerloo,2018-05-01,5.45
Bakerloo,2018-06-01,4.23
Bakerloo,2018-07-01,5.68
Bakerloo,2018-08-01,4.52
Bakerloo,2018-09-01,4.87
Bakerloo,2018-10-01,5.03
Bakerloo,2018-11-01,5.45
Bakerloo,2018-12-01,5.5
Bakerloo,2019-01-01,4.02
Bakerloo,2019-02-01,5.38
Bakerloo,2019-03-01,5.86
Bakerloo,2019-04-01,5.17
Bakerloo,2019-05-01,4.84
Bakerloo,2019-06-01,5.11
Bakerloo,2019-07-01,5.19
Bakerloo,2019-08-01,5.59
Bakerloo,2019-09-01,5.57
Bakerloo,2019-10-01,5.23
Bakerloo,2019-11-01,5.39
Bakerloo,2019-12-01,6.1
Bakerloo,2020-01-01,5.88
Bakerloo,2020-02-01,5.2
Bakerloo,2020-03-01,5.01
Bakerloo,2020-04-01,5.84
Bakerloo,2020-05-01,5.28
Bakerloo,2020-06-01,4.71
Bakerloo,2020-07-01,4.19
Bakerloo,2020-08-01,4.26
Bakerloo,2020-09-01,4.18
Bakerloo,2020-10-01,4.47
Bakerloo,2020-11-01,4.55
Bakerloo,2020-12-01,4.61
Bakerloo,2021-01-01,5.06
Bakerloo,2021-02-01,4.37
Bakerloo,2021-03-01,4.15
Bakerloo,2021-04-01,3.95
Bakerloo,2021-05-01,6.08
Bakerloo,2021-06-01,4.42
Bakerloo,2021-07-01,4.34
Bakerloo,2021-08-01,4.17
Bakerloo,2021-09-01,5.13
Bakerloo,2021-10-01,3.95
Bakerloo,2021-11-01,3.53
Bakerloo,2021-12-01,5.04
Bakerloo,2022-01-01,4.67
Bakerloo,2022-02-01,3.96
Bakerloo,2022-03-01,4.27
Bakerloo,2022-04-01,4.6
Bakerloo,2022-05-01,4.87
Bakerloo,2022-06-01,4.56
Bakerloo,2022-07-01,4.36
Bakerloo,2022-08-01,4.19
Bakerloo,2022-09-01,4.48
Bakerloo,2022-10-01,4.49
Bakerloo,2022-11-01,4.85
Bakerloo,2022-12-01,5.74
Bakerloo,2023-01-01,5.14
Bakerloo,2023-02-01,5.93
Bakerloo,2023-03-01,5.84
Bakerloo,2023-04-01,6.26
Bakerloo,2023-05-01,5.07
Bakerloo,2023-06-01,4.5
Bakerloo,2023-07-01,4.96
Bakerloo,2023-08-01,4.75
Bakerloo,2023-09-01,5.22
Central,2015-01-01,7.21
Central,2015-02-01,5.23
Central,2015-03-01,5.67
Central,2015-04-01,6.1
Central,2015-05-01,5.54
Central,2015-06-01,5.85
Central,2015-07-01,6.08
Central,2015-08-01,7.95
Central,2015-09-01,7.27
Central,2015-10-01,6.64
Central,2015-11-01,6.33
Central,2015-12-01,6.09
Central,2016-01-01,7.01
Central,2016-02-01,6.33
Central,2016-03-01,6.78
Central,2016-04-01,7.04
Central,2016-05-01,10.1
Central,2016-06-01,6.91
Central,2016-07-01,5.74
Central,2016-08-01,6.17
Central,2016-09-01,6.79
Central,2016-10-01,5.45
Central,2016-11-01,4.95
Central,2016-12-01,5.36
Central,2017-01-01,6.18
Central,2017-02-01,5.68
Central,2017-03-01,4.69
Central,2017-04-01,4.78
Central,2017-05-01,6.47
Central,2017-06-01,8.2
Central,2017-07-01,5.28
Central,2017-08-01,6.05
Central,2017-09-01,5.34
Central,2017-10-01,5.71
Central,2017-11-01,6.16
Central,2017-12-01,4.4
Central,2018-01-01,5.99
Central,2018-02-01,4.66
Central,2018-03-01,4.91
Central,2018-04-01,4.12
Central,2018-05-01,4.54
Central,2018-06-01,6.97
Central,2018-07-01,7.23
Central,2018-08-01,6.14
Central,2018-09-01,4.93
Central,2018-10-01,7.27
Central,2018-11-01,7.72
Central,2018-12-01,9.49
Central,2019-01-01,5.3
Central,2019-02-01,6.35
Central,2019-03-01,6.55
Central,2019-04-01,4.99
Central,2019-05-01,6.09
Central,2019-06-01,5.4
Central,2019-07-01,6.14
Central,2019-08-01,7.26
Central,2019-09-01,5.11
Central,2019-10-01,9.42
Central,2019-11-01,6.26
Central,2019-12-01,6.64
Central,2020-01-01,6.41
Central,2020-02-01,5.68
Central,2020-03-01,5.54
Central,2020-04-01,6.3
Central,2020-05-01,5.7
Central,2020-06-01,5.18
Central,2020-07-01,5.51
Central,2020-08-01,4.85
Central,2020-09-01,5.58
Central,2020-10-01,4.89
Central,2020-11-01,4.22
Central,2020-12-01,5.2
Central,2021-01-01,5.92
Central,2021-02-01,5.16
Central,2021-03-01,4.29
Central,2021-04-01,5.09
Central,2021-05-01,6.34
Central,2021-06-01,5.83
Central,2021-07-01,4.83
Central,2021-08-01,4.62
Central,2021-09-01,8.41
Central,2021-10-01,4.79
Central,2021-11-01,4.65
Central,2021-12-01,4.49
Central,2022-01-01,5.18
Central,2022-02-01,5.69
Central,2022-03-01,6.07
Central,2022-04-01,4.81
Central,2022-05-01,4.95
Central,2022-06-01,6.15
Central,2022-07-01,5.23
Central,2022-08-01,5.35
Central,2022-09-01,5.63
Central,2022-10-01,5.41
Central,2022-11-01,5.55
Central,2022-12-01,4.68
Central,2023-01-01,8.12
Central,2023-02-01,8.36
Central,2023-03-01,7.87
Central,2023-04-01,8.42
Central,2023-05-01,5.54
Central,2023-06-01,5.95
Central,2023-07-01,6.17
Central,2023-08-01,5.94
Central,2023-09-01,6.3
Circle & Ham,2015-01-01,7.5
Circle & Ham,2015-02-01,7.92
Circle & Ham,2015-03-01,8.46
Circle & Ham,2015-04-01,6.94
Circle & Ham,2015-05-01,7.76
Circle & Ham,2015-06-01,8.19
Circle & Ham,2015-07-01,8.03
Circle & Ham,2015-08-01,8.13
Circle & Ham,2015-09-01,8.42
Circle & Ham,2015-10-01,8.49
Circle & Ham,2015-11-01,7.16
Circle & Ham,2015-12-01,7.49
Circle & Ham,2016-01-01,7.15
Circle & Ham,2016-02-01,7.53
Circle & Ham,2016-03-01,6.61
Circle & Ham,2016-04-01,6.63
Circle & Ham,2016-05-01,7.14
Circle & Ham,2016-06-01,6.52
Circle & Ham,2016-07-01,6.23
Circle & Ham,2016-08-01,7.3
Circle & Ham,2016-09-01,7.59
Circle & Ham,2016-10-01,7.01
Circle & Ham,2016-11-01,6.92
Circle & Ham,2016-12-01,6.62
Circle & Ham,2017-01-01,7.47
Circle & Ham,2017-02-01,6.74
Circle & Ham,2017-03-01,6.28
Circle & Ham,2017-04-01,6.62
Circle & Ham,2017-05-01,5.99
Circle & Ham,2017-06-01,16.08
Circle & Ham,2017-07-01,11.38
Circle & Ham,2017-08-01,6.88
Circle & Ham,2017-09-01,6.73
Circle & Ham,2017-10-01,6.95
Circle & Ham,2017-11-01,6.85
Circle & Ham,2017-12-01,6.83
Circle & Ham,2018-01-01,5.84
Circle & Ham,2018-02-01,6.03
Circle & Ham,2018-03-01,6.65
Circle & Ham,2018-04-01,6.48
Circle & Ham,2018-05-01,7.59
Circle & Ham,2018-06-01,7.33
Circle & Ham,2018-07-01,8.36
Circle & Ham,2018-08-01,7.17
Circle & Ham,2018-09-01,6.49
Circle & Ham,2018-10-01,8.39
Circle & Ham,2018-11-01,8.04
Circle & Ham,2018-12-01,8.39
Circle & Ham,2019-01-01,7.33
Circle & Ham,2019-02-01,8.79
Circle & Ham,2019-03-01,8.27
Circle & Ham,2019-04-01,7.44
Circle & Ham,2019-05-01,6.39
Circle & Ham,2019-06-01,6.26
Circle & Ham,2019-07-01,6.51
Circle & Ham,2019-08-01,7.8
Circle & Ham,2019-09-01,8.19
Circle & Ham,2019-10-01,7.93
Circle & Ham,2019-11-01,7.08
Circle & Ham,2019-12-01,7.07
Circle & Ham,2020-01-01,8.7
Circle & Ham,2020-02-01,7.17
Circle & Ham,2020-03-01,7.29
Circle & Ham,2020-04-01,8.2
Circle & Ham,2020-05-01,8.05
Circle & Ham,2020-06-01,7.51
Circle & Ham,2020-07-01,7.67
Circle & Ham,2020-08-01,7.93
Circle & Ham,2020-09-01,7.6
Circle & Ham,2020-10-01,7.63
Circle & Ham,2020-11-01,6.84
Circle & Ham,2020-12-01,7.89
Circle & Ham,2021-01-01,7.79
Circle & Ham,2021-02-01,7.29
Circle & Ham,2021-03-01,6.47
Circle & Ham,2021-04-01,6.56
Circle & Ham,2021-05-01,7.73
Circle & Ham,2021-06-01,6.32
Circle & Ham,2021-07-01,6.16
Circle & Ham,2021-08-01,5.2
Circle & Ham,2021-09-01,7.2
Circle & Ham,2021-10-01,6.54
Circle & Ham,2021-11-01,6.31
Circle & Ham,2021-12-01,6.19
Circle & Ham,2022-01-01,6.83
Circle & Ham,2022-02-01,6.01
Circle & Ham,2022-03-01,7.28
Circle & Ham,2022-04-01,5.4
Circle & Ham,2022-05-01,6.88
Circle & Ham,2022-06-01,7.32
Circle & Ham,2022-07-01,6.37
Circle & Ham,2022-08-01,5.81
Circle & Ham,2022-09-01,4.68
Circle & Ham,2022-10-01,5.69
Circle & Ham,2022-11-01,7.35
Circle & Ham,2022-12-01,4.48
Circle & Ham,2023-01-01,6.65
Circle & Ham,2023-02-01,6.35
Circle & Ham,2023-03-01,7.69
Circle & Ham,2023-04-01,6.86
Circle & Ham,2023-05-01,5.84
Circle & Ham,2023-06-01,6.26
Circle & Ham,2023-07-01,6.48
Circle & Ham,2023-08-01,5.54
Circle & Ham,2023-09-01,6.07
District,2015-01-01,4.74
District,2015-02-01,5.06
District,2015-03-01,6.02
District,2015-04-01,5.56
District,2015-05-01,4.86
District,2015-06-01,4.79
District,2015-07-01,5.0
District,2015-08-01,4.96
District,2015-09-01,6.27
District,2015-10-01,4.99
District,2015-11-01,5.38
District,2015-12-01,5.44
District,2016-01-01,5.45
District,2016-02-01,6.01
District,2016-03-01,5.76
District,2016-04-01,4.51
District,2016-05-01,6.4
District,2016-06-01,5.29
District,2016-07-01,5.2
District,2016-08-01,5.05
District,2016-09-01,5.92
District,2016-10-01,5.78
District,2016-11-01,3.89
District,2016-12-01,5.73
District,2017-01-01,6.96
District,2017-02-01,5.73
District,2017-03-01,5.67
District,2017-04-01,5.26
District,2017-05-01,6.7
District,2017-06-01,7.61
District,2017-07-01,5.37
District,2017-08-01,5.4
District,2017-09-01,5.09
District,2017-10-01,5.17
District,2017-11-01,7.09
District,2017-12-01,5.01
District,2018-01-01,5.65
District,2018-02-01,6.26
District,2018-03-01,6.32
District,2018-04-01,5.47
District,2018-05-01,6.91
District,2018-06-01,6.25
District,2018-07-01,6.87
District,2018-08-01,5.62
District,2018-09-01,4.99
District,2018-10-01,6.94
District,2018-11-01,6.95
District,2018-12-01,7.74
District,2019-01-01,4.84
District,2019-02-01,7.35
District,2019-03-01,6.72
District,2019-04-01,7.01
District,2019-05-01,5.61
District,2019-06-01,6.0
District,2019-07-01,7.1
District,2019-08-01,6.03
District,2019-09-01,6.09
District,2019-10-01,8.69
District,2019-11-01,6.57
District,2019-12-01,6.58
District,2020-01-01,6.72
District,2020-02-01,4.15
District,2020-03-01,6.98
District,2020-04-01,5.39
District,2020-05-01,5.48
District,2020-06-01,4.27
District,2020-07-01,4.4
District,2020-08-01,4.91
District,2020-09-01,6.14
District,2020-10-01,5.58
District,2020-11-01,4.46
District,2020-12-01,5.66
District,2021-01-01,5.36
District,2021-02-01,5.8
District,2021-03-01,3.76
District,2021-04-01,4.8
District,2021-05-01,7.57
District,2021-06-01,5.42
District,2021-07-01,6.23
District,2021-08-01,5.34
District,2021-09-01,6.68
District,2021-10-01,4.77
District,2021-11-01,5.27
District,2021-12-01,4.87
District,2022-01-01,4.95
District,2022-02-01,5.47
District,2022-03-01,5.98
District,2022-04-01,3.05
District,2022-05-01,4.06
District,2022-06-01,3.93
District,2022-07-01,4.44
District,2022-08-01,4.0
District,2022-09-01,3.87
District,2022-10-01,3.92
District,2022-11-01,4.38
District,2022-12-01,3.52
District,2023-01-01,4.92
District,2023-02-01,4.98
District,2023-03-01,4.51
District,2023-04-01,4.36
District,2023-05-01,4.51
District,2023-06-01,4.59
District,2023-07-01,3.87
District,2023-08-01,4.24
District,2023-09-01,4.75
Jubilee,2015-01-01,5.19
Jubilee,2015-02-01,4.86
Jubilee,2015-03-01,5.15
Jubilee,2015-04-01,5.07
Jubilee,2015-05-01,6.46
Jubilee,2015-06-01,5.15
Jubilee,2015-07-01,5.98
Jubilee,2015-08-01,6.93
Jubilee,2015-09-01,5.74
Jubilee,2015-10-01,6.07
Jubilee,2015-11-01,5.64
Jubilee,2015-12-01,4.06
Jubilee,2016-01-01,4.02
Jubilee,2016-02-01,5.05
Jubilee,2016-03-01,4.91
Jubilee,2016-04-01,5.7
Jubilee,2016-05-01,6.19
Jubilee,2016-06-01,4.39
Jubilee,2016-07-01,4.11
Jubilee,2016-08-01,5.48
Jubilee,2016-09-01,5.53
Jubilee,2016-10-01,6.71
Jubilee,2016-11-01,5.27
Jubilee,2016-12-01,6.14
Jubilee,2017-01-01,7.56
Jubilee,2017-02-01,6.91
Jubilee,2017-03-01,5.71
Jubilee,2017-04-01,6.65
Jubilee,2017-05-01,6.6
Jubilee,2017-06-01,6.29
Jubilee,2017-07-01,5.47
Jubilee,2017-08-01,4.9
Jubilee,2017-09-01,5.58
Jubilee,2017-10-01,5.76
Jubilee,2017-11-01,5.99
Jubilee,2017-12-01,6.07
Jubilee,2018-01-01,5.12
Jubilee,2018-02-01,7.12
Jubilee,2018-03-01,5.94
Jubilee,2018-04-01,5.04
Jubilee,2018-05-01,6.14
Jubilee,2018-06-01,5.99
Jubilee,2018-07-01,6.46
Jubilee,2018-08-01,5.4
Jubilee,2018-09-01,5.56
Jubilee,2018-10-01,5.85
Jubilee,2018-11-01,7.56
Jubilee,2018-12-01,6.52
Jubilee,2019-01-01,4.66
Jubilee,2019-02-01,6.08
Jubilee,2019-03-01,7.23
Jubilee,2019-04-01,6.83
Jubilee,2019-05-01,5.45
Jubilee,2019-06-01,5.81
Jubilee,2019-07-01,6.0
Jubilee,2019-08-01,5.29
Jubilee,2019-09-01,6.33
Jubilee,2019-10-01,4.86
Jubilee,2019-11-01,7.15
Jubilee,2019-12-01,6.4
Jubilee,2020-01-01,6.58
Jubilee,2020-02-01,5.24
Jubilee,2020-03-01,7.62
Jubilee,2020-04-01,7.14
Jubilee,2020-05-01,6.1
Jubilee,2020-06-01,5.51
Jubilee,2020-07-01,5.06
Jubilee,2020-08-01,5.51
Jubilee,2020-09-01,6.47
Jubilee,2020-10-01,5.6
Jubilee,2020-11-01,5.43
Jubilee,2020-12-01,5.32
Jubilee,2021-01-01,6.29
Jubilee,2021-02-01,6.53
Jubilee,2021-03-01,4.37
Jubilee,2021-04-01,6.5
Jubilee,2021-05-01,6.71
Jubilee,2021-06-01,6.11
Jubilee,2021-07-01,5.95
Jubilee,2021-08-01,5.87
Jubilee,2021-09-01,6.12
Jubilee,2021-10-01,5.61
Jubilee,2021-11-01,5.73
Jubilee,2021-12-01,5.14
Jubilee,2022-01-01,5.75
Jubilee,2022-02-01,6.3
Jubilee,2022-03-01,6.1
Jubilee,2022-04-01,5.15
Jubilee,2022-05-01,5.77
Jubilee,2022-06-01,5.37
Jubilee,2022-07-01,5.57
Jubilee,2022-08-01,5.09
Jubilee,2022-09-01,4.77
Jubilee,2022-10-01,4.96
Jubilee,2022-11-01,5.56
Jubilee,2022-12-01,4.63
Jubilee,2023-01-01,6.37
Jubilee,2023-02-01,6.07
Jubilee,2023-03-01,7.75
Jubilee,2023-04-01,6.62
Jubilee,2023-05-01,6.4
Jubilee,2023-06-01,6.64
Jubilee,2023-07-01,5.03
Jubilee,2023-08-01,4.65
Jubilee,2023-09-01,4.83
Metropolitan,2015-01-01,8.61
Metropolitan,2015-02-01,9.73
Metropolitan,2015-03-01,7.02
Metropolitan,2015-04-01,6.26
Metropolitan,2015-05-01,8.67
Metropolitan,2015-06-01,10.23
Metropolitan,2015-07-01,9.37
Metropolitan,2015-08-01,7.6
Metropolitan,2015-09-01,7.9
Metropolitan,2015-10-01,6.67
Metropolitan,2015-11-01,6.86
Metropolitan,2015-12-01,8.51
Metropolitan,2016-01-01,6.99
Metropolitan,2016-02-01,6.36
Metropolitan,2016-03-01,7.53
Metropolitan,2016-04-01,7.42
Metropolitan,2016-05-01,7.35
Metropolitan,2016-06-01,7.9
Metropolitan,2016-07-01,5.43
Metropolitan,2016-08-01,6.79
Metropolitan,2016-09-01,9.76
Metropolitan,2016-10-01,8.83
Metropolitan,2016-11-01,8.5
Metropolitan,2016-12-01,7.17
Metropolitan,2017-01-01,9.06
Metropolitan,2017-02-01,8.0
Metropolitan,2017-03-01,8.65
Metropolitan,2017-04-01,8.75
Metropolitan,2017-05-01,7.56
Metropolitan,2017-06-01,17.6
Metropolitan,2017-07-01,7.94
Metropolitan,2017-08-01,7.0
Metropolitan,2017-09-01,9.19
Metropolitan,2017-10-01,8.22
Metropolitan,2017-11-01,9.79
Metropolitan,2017-12-01,7.16
Metropolitan,2018-01-01,9.36
Metropolitan,2018-02-01,9.82
Metropolitan,2018-03-01,9.29
Metropolitan,2018-04-01,10.84
Metropolitan,2018-05-01,12.3
Metropolitan,2018-06-01,8.53
Metropolitan,2018-07-01,11.9
Metropolitan,2018-08-01,10.78
Metropolitan,2018-09-01,10.89
Metropolitan,2018-10-01,8.44
Metropolitan,2018-11-01,9.12
Metropolitan,2018-12-01,9.77
Metropolitan,2019-01-01,7.18
Metropolitan,2019-02-01,9.96
Metropolitan,2019-03-01,10.04
Metropolitan,2019-04-01,9.13
Metropolitan,2019-05-01,8.09
Metropolitan,2019-06-01,7.77
Metropolitan,2019-07-01,8.02
Metropolitan,2019-08-01,8.39
Metropolitan,2019-09-01,8.04
Metropolitan,2019-10-01,9.49
Metropolitan,2019-11-01,8.55
Metropolitan,2019-12-01,9.51
Metropolitan,2020-01-01,10.15
Metropolitan,2020-02-01,8.01
Metropolitan,2020-03-01,11.64
Metropolitan,2020-04-01,8.22
Metropolitan,2020-05-01,10.56
Metropolitan,2020-06-01,7.69
Metropolitan,2020-07-01,8.3
Metropolitan,2020-08-01,9.98
Metropolitan,2020-09-01,8.01
Metropolitan,2020-10-01,8.15
Metropolitan,2020-11-01,6.97
Metropolitan,2020-12-01,8.11
Metropolitan,2021-01-01,9.72
Metropolitan,2021-02-01,9.74
Metropolitan,2021-03-01,7.91
Metropolitan,2021-04-01,10.31
Metropolitan,2021-05-01,11.97
Metropolitan,2021-06-01,8.47
Metropolitan,2021-07-01,9.43
Metropolitan,2021-08-01,7.48
Metropolitan,2021-09-01,10.28
Metropolitan,2021-10-01,6.76
Metropolitan,2021-11-01,7.07
Metropolitan,2021-12-01,7.55
Metropolitan,2022-01-01,8.31
Metropolitan,2022-02-01,9.78
Metropolitan,2022-03-01,10.83
Metropolitan,2022-04-01,6.33
Metropolitan,2022-05-01,8.36
Metropolitan,2022-06-01,7.73
Metropolitan,2022-07-01,6.73
Metropolitan,2022-08-01,6.36
Metropolitan,2022-09-01,6.22
Metropolitan,2022-10-01,7.4
Metropolitan,2022-11-01,7.79
Metropolitan,2022-12-01,6.42
Metropolitan,2023-01-01,7.29
Metropolitan,2023-02-01,8.3
Metropolitan,2023-03-01,9.29
Metropolitan,2023-04-01,9.26
Metropolitan,2023-05-01,7.89
Metropolitan,2023-06-01,8.42
Metropolitan,2023-07-01,7.61
Metropolitan,2023-08-01,6.91
Metropolitan,2023-09-01,6.77
Northern,2015-01-01,4.98
Northern,2015-02-01,5.44
Northern,2015-03-01,5.32
Northern,2015-04-01,5.74
Northern,2015-05-01,4.93
Northern,2015-06-01,5.12
Northern,2015-07-01,5.93
Northern,2015-08-01,22.25
Northern,2015-09-01,6.05
Northern,2015-10-01,5.99
Northern,2015-11-01,4.98
Northern,2015-12-01,5.15
Northern,2016-01-01,6.29
Northern,2016-02-01,5.42
Northern,2016-03-01,6.43
Northern,2016-04-01,5.45
Northern,2016-05-01,7.79
Northern,2016-06-01,6.74
Northern,2016-07-01,6.19
Northern,2016-08-01,6.28
Northern,2016-09-01,6.6
Northern,2016-10-01,6.62
Northern,2016-11-01,5.8
Northern,2016-12-01,6.06
Northern,2017-01-01,7.6
Northern,2017-02-01,6.5
Northern,2017-03-01,5.87
Northern,2017-04-01,5.79
Northern,2017-05-01,4.51
Northern,2017-06-01,8.25
Northern,2017-07-01,4.75
Northern,2017-08-01,5.2
Northern,2017-09-01,11.63
Northern,2017-10-01,6.93
Northern,2017-11-01,7.51
Northern,2017-12-01,5.93
Northern,2018-01-01,7.57
Northern,2018-02-01,6.79
Northern,2018-03-01,5.8
Northern,2018-04-01,7.05
Northern,2018-05-01,7.53
Northern,2018-06-01,7.18
Northern,2018-07-01,7.32
Northern,2018-08-01,6.34
Northern,2018-09-01,6.27
Northern,2018-10-01,5.88
Northern,2018-11-01,7.21
Northern,2018-12-01,8.41
Northern,2019-01-01,6.11
Northern,2019-02-01,7.74
Northern,2019-03-01,7.53
Northern,2019-04-01,6.92
Northern,2019-05-01,6.44
Northern,2019-06-01,6.09
Northern,2019-07-01,7.0
Northern,2019-08-01,6.66
Northern,2019-09-01,5.74
Northern,2019-10-01,5.87
Northern,2019-11-01,6.04
Northern,2019-12-01,6.96
Northern,2020-01-01,6.53
Northern,2020-02-01,4.83
Northern,2020-03-01,6.31
Northern,2020-04-01,4.93
Northern,2020-05-01,3.79
Northern,2020-06-01,4.21
Northern,2020-07-01,4.0
Northern,2020-08-01,3.94
Northern,2020-09-01,3.53
Northern,2020-10-01,3.94
Northern,2020-11-01,3.39
Northern,2020-12-01,4.49
Northern,2021-01-01,5.18
Northern,2021-02-01,4.97
Northern,2021-03-01,3.28
Northern,2021-04-01,3.93
Northern,2021-05-01,5.41
Northern,2021-06-01,4.12
Northern,2021-07-01,3.94
Northern,2021-08-01,3.91
Northern,2021-09-01,4.47
Northern,2021-10-01,4.16
Northern,2021-11-01,3.85
Northern,2021-12-01,4.45
Northern,2022-01-01,4.95
Northern,2022-02-01,4.77
Northern,2022-03-01,4.96
Northern,2022-04-01,3.5
Northern,2022-05-01,4.86
Northern,2022-06-01,4.9
Northern,2022-07-01,4.07
Northern,2022-08-01,3.74
Northern,2022-09-01,4.59
Northern,2022-10-01,4.22
Northern,2022-11-01,4.59
Northern,2022-12-01,4.22
Northern,2023-01-01,4.04
Northern,2023-02-01,5.0
Northern,2023-03-01,5.23
Northern,2023-04-01,5.49
Northern,2023-05-01,3.73
Northern,2023-06-01,4.21
Northern,2023-07-01,4.51
Northern,2023-08-01,4.26
Northern,2023-09-01,4.11
Piccadilly,2015-01-01,4.97
Piccadilly,2015-02-01,4.96
Piccadilly,2015-03-01,5.55
Piccadilly,2015-04-01,4.94
Piccadilly,2015-05-01,5.81
Piccadilly,2015-06-01,5.05
Piccadilly,2015-07-01,5.0
Piccadilly,2015-08-01,5.68
Piccadilly,2015-09-01,4.51
Piccadilly,2015-10-01,5.43
Piccadilly,2015-11-01,6.33
Piccadilly,2015-12-01,6.17
Piccadilly,2016-01-01,7.18
Piccadilly,2016-02-01,5.16
Piccadilly,2016-03-01,4.24
Piccadilly,2016-04-01,4.92
Piccadilly,2016-05-01,6.24
Piccadilly,2016-06-01,5.52
Piccadilly,2016-07-01,4.21
Piccadilly,2016-08-01,4.94
Piccadilly,2016-09-01,6.17
Piccadilly,2016-10-01,6.35
Piccadilly,2016-11-01,5.92
Piccadilly,2016-12-01,5.35
Piccadilly,2017-01-01,5.43
Piccadilly,2017-02-01,5.35
Piccadilly,2017-03-01,4.69
Piccadilly,2017-04-01,4.99
Piccadilly,2017-05-01,4.75
Piccadilly,2017-06-01,19.71
Piccadilly,2017-07-01,12.07
Piccadilly,2017-08-01,5.38
Piccadilly,2017-09-01,6.17
Piccadilly,2017-10-01,7.24
Piccadilly,2017-11-01,5.65
Piccadilly,2017-12-01,5.51
Piccadilly,2018-01-01,6.88
Piccadilly,2018-02-01,6.24
Piccadilly,2018-03-01,6.21
Piccadilly,2018-04-01,5.93
Piccadilly,2018-05-01,6.3
Piccadilly,2018-06-01,7.47
Piccadilly,2018-07-01,6.89
Piccadilly,2018-08-01,6.58
Piccadilly,2018-09-01,6.02
Piccadilly,2018-10-01,6.96
Piccadilly,2018-11-01,6.96
Piccadilly,2018-12-01,8.17
Piccadilly,2019-01-01,6.1
Piccadilly,2019-02-01,6.95
Piccadilly,2019-03-01,7.71
Piccadilly,2019-04-01,6.58
Piccadilly,2019-05-01,6.77
Piccadilly,2019-06-01,6.19
Piccadilly,2019-07-01,6.08
Piccadilly,2019-08-01,6.84
Piccadilly,2019-09-01,6.17
Piccadilly,2019-10-01,6.99
Piccadilly,2019-11-01,6.88
Piccadilly,2019-12-01,7.37
Piccadilly,2020-01-01,8.68
Piccadilly,2020-02-01,6.35
Piccadilly,2020-03-01,6.59
Piccadilly,2020-04-01,7.47
Piccadilly,2020-05-01,7.07
Piccadilly,2020-06-01,5.03
Piccadilly,2020-07-01,5.25
Piccadilly,2020-08-01,5.29
Piccadilly,2020-09-01,5.89
Piccadilly,2020-10-01,5.78
Piccadilly,2020-11-01,5.07
Piccadilly,2020-12-01,5.61
Piccadilly,2021-01-01,5.72
Piccadilly,2021-02-01,5.73
Piccadilly,2021-03-01,4.78
Piccadilly,2021-04-01,4.67
Piccadilly,2021-05-01,6.07
Piccadilly,2021-06-01,5.04
Piccadilly,2021-07-01,4.55
Piccadilly,2021-08-01,4.7
Piccadilly,2021-09-01,7.24
Piccadilly,2021-10-01,6.3
Piccadilly,2021-11-01,4.7
Piccadilly,2021-12-01,4.2
Piccadilly,2022-01-01,4.86
Piccadilly,2022-02-01,5.64
Piccadilly,2022-03-01,5.92
Piccadilly,2022-04-01,5.15
Piccadilly,2022-05-01,4.81
Piccadilly,2022-06-01,4.74
Piccadilly,2022-07-01,5.18
Piccadilly,2022-08-01,4.35
Piccadilly,2022-09-01,5.41
Piccadilly,2022-10-01,4.69
Piccadilly,2022-11-01,4.57
Piccadilly,2022-12-01,4.03
Piccadilly,2023-01-01,4.77
Piccadilly,2023-02-01,6.48
Piccadilly,2023-03-01,7.76
Piccadilly,2023-04-01,6.34
Piccadilly,2023-05-01,5.35
Piccadilly,2023-06-01,3.86
Piccadilly,2023-07-01,4.97
Piccadilly,2023-08-01,4.26
Piccadilly,2023-09-01,4.22
Victoria,2015-01-01,6.13
Victoria,2015-02-01,5.77
Victoria,2015-03-01,5.9
Victoria,2015-04-01,5.49
Victoria,2015-05-01,6.89
Victoria,2015-06-01,6.15
Victoria,2015-07-01,6.24
Victoria,2015-08-01,6.72
Victoria,2015-09-01,6.23
Victoria,2015-10-01,8.45
Victoria,2015-11-01,5.09
Victoria,2015-12-01,5.72
Victoria,2016-01-01,7.54
Victoria,2016-02-01,5.23
Victoria,2016-03-01,4.66
Victoria,2016-04-01,5.68
Victoria,2016-05-01,5.64
Victoria,2016-06-01,5.48
Victoria,2016-07-01,4.72
Victoria,2016-08-01,5.68
Victoria,2016-09-01,6.22
Victoria,2016-10-01,6.54
Victoria,2016-11-01,4.89
Victoria,2016-12-01,5.18
Victoria,2017-01-01,5.61
Victoria,2017-02-01,5.21
Victoria,2017-03-01,5.28
Victoria,2017-04-01,4.68
Victoria,2017-05-01,4.63
Victoria,2017-06-01,7.37
Victoria,2017-07-01,5.19
Victoria,2017-08-01,4.9
Victoria,2017-09-01,4.28
Victoria,2017-10-01,4.98
Victoria,2017-11-01,6.04
Victoria,2017-12-01,4.75
Victoria,2018-01-01,6.1
Victoria,2018-02-01,4.92
Victoria,2018-03-01,5.45
Victoria,2018-04-01,7.18
Victoria,2018-05-01,6.39
Victoria,2018-06-01,4.95
Victoria,2018-07-01,8.02
Victoria,2018-08-01,6.5
Victoria,2018-09-01,6.06
Victoria,2018-10-01,6.04
Victoria,2018-11-01,5.65
Victoria,2018-12-01,7.71
Victoria,2019-01-01,5.36
Victoria,2019-02-01,5.29
Victoria,2019-03-01,5.66
Victoria,2019-04-01,6.04
Victoria,2019-05-01,6.33
Victoria,2019-06-01,5.41
Victoria,2019-07-01,5.81
Victoria,2019-08-01,7.26
Victoria,2019-09-01,6.34
Victoria,2019-10-01,5.71
Victoria,2019-11-01,6.52
Victoria,2019-12-01,6.18
Victoria,2020-01-01,6.48
Victoria,2020-02-01,8.25
Victoria,2020-03-01,6.28
Victoria,2020-04-01,6.39
Victoria,2020-05-01,7.1
Victoria,2020-06-01,5.56
Victoria,2020-07-01,5.82
Victoria,2020-08-01,6.14
Victoria,2020-09-01,5.07
Victoria,2020-10-01,5.21
Victoria,2020-11-01,5.4
Victoria,2020-12-01,6.11
Victoria,2021-01-01,5.79
Victoria,2021-02-01,5.5
Victoria,2021-03-01,4.07
Victoria,2021-04-01,5.27
Victoria,2021-05-01,5.91
Victoria,2021-06-01,5.84
Victoria,2021-07-01,5.88
Victoria,2021-08-01,6.23
Victoria,2021-09-01,7.33
Victoria,2021-10-01,5.67
Victoria,2021-11-01,6.25
Victoria,2021-12-01,5.6
Victoria,2022-01-01,6.24
Victoria,2022-02-01,5.84
Victoria,2022-03-01,5.19
Victoria,2022-04-01,5.2
Victoria,2022-05-01,5.27
Victoria,2022-06-01,5.01
Victoria,2022-07-01,5.08
Victoria,2022-08-01,6.01
Victoria,2022-09-01,5.5
Victoria,2022-10-01,5.28
Victoria,2022-11-01,6.92
Victoria,2022-12-01,5.96
Victoria,2023-01-01,6.37
Victoria,2023-02-01,7.09
Victoria,2023-03-01,6.86
Victoria,2023-04-01,7.33
Victoria,2023-05-01,5.4
Victoria,2023-06-01,6.28
Victoria,2023-07-01,6.91
Victoria,2023-08-01,6.67
Victoria,2023-09-01,5.39
Waterloo & City,2015-01-01,3.04
Waterloo & City,2015-02-01,1.87
Waterloo & City,2015-03-01,2.15
Waterloo & City,2015-04-01,2.65
Waterloo & City,2015-05-01,1.54
Waterloo & City,2015-06-01,1.47
Waterloo & City,2015-07-01,2.24
Waterloo & City,2015-08-01,1.44
Waterloo & City,2015-09-01,1.69
Waterloo & City,2015-10-01,1.57
Waterloo & City,2015-11-01,1.45
Waterloo & City,2015-12-01,1.58
Waterloo & City,2016-01-01,1.72
Waterloo & City,2016-02-01,1.33
Waterloo & City,2016-03-01,1.77
Waterloo & City,2016-04-01,1.32
Waterloo & City,2016-05-01,1.88
Waterloo & City,2016-06-01,3.26
Waterloo & City,2016-07-01,2.84
Waterloo & City,2016-08-01,2.92
Waterloo & City,2016-09-01,2.04
Waterloo & City,2016-10-01,2.09
Waterloo & City,2016-11-01,1.7
Waterloo & City,2016-12-01,1.84
Waterloo & City,2017-01-01,2.16
Waterloo & City,2017-02-01,2.66
Waterloo & City,2017-03-01,3.2
Waterloo & City,2017-04-01,1.94
Waterloo & City,2017-05-01,2.21
Waterloo & City,2017-06-01,3.18
Waterloo & City,2017-07-01,1.23
Waterloo & City,2017-08-01,1.74
Waterloo & City,2017-09-01,1.42
Waterloo & City,2017-10-01,2.16
Waterloo & City,2017-11-01,2.46
Waterloo & City,2017-12-01,1.71
Waterloo & City,2018-01-01,3.29
Waterloo & City,2018-02-01,1.71
Waterloo & City,2018-03-01,3.64
Waterloo & City,2018-04-01,0.0
Waterloo & City,2018-05-01,0.0
Waterloo & City,2018-06-01,0.0
Waterloo & City,2018-07-01,0.0
Waterloo & City,2018-08-01,0.0
Waterloo & City,2018-09-01,0.05
Waterloo & City,2018-10-01,2.73
Waterloo & City,2018-11-01,1.5
Waterloo & City,2018-12-01,2.34
Waterloo & City,2019-01-01,1.44
Waterloo & City,2019-02-01,1.59
Waterloo & City,2019-03-01,1.31
Waterloo & City,2019-04-01,1.46
Waterloo & City,2019-05-01,1.45
Waterloo & City,2019-06-01,1.73
Waterloo & City,2019-07-01,1.99
Waterloo & City,2019-08-01,1.65
Waterloo & City,2019-09-01,1.1
Waterloo & City,2019-10-01,4.36
Waterloo & City,2019-11-01,3.67
Waterloo & City,2019-12-01,1.76
Waterloo & City,2020-01-01,2.06
Waterloo & City,2020-02-01,1.11
Waterloo & City,2020-03-01,1.63
Waterloo & City,2020-04-01,1.31
Waterloo & City,2020-05-01,2.42
Waterloo & City,2020-06-01,2.77
Waterloo & City,2020-07-01,4.12
Waterloo & City,2020-08-01,2.42
Waterloo & City,2020-09-01,2.81
Waterloo & City,2020-10-01,3.8
Waterloo & City,2020-11-01,2.81
Waterloo & City,2020-12-01,2.33
Waterloo & City,2021-01-01,2.82
Waterloo & City,2021-02-01,3.09
Waterloo & City,2021-03-01,1.63
Waterloo & City,2021-04-01,3.0
Waterloo & City,2021-05-01,2.65
Waterloo & City,2021-06-01,3.06
Waterloo & City,2021-07-01,2.86
Waterloo & City,2021-08-01,1.65
Waterloo & City,2021-09-01,3.98
Waterloo & City,2021-10-01,1.25
Waterloo & City,2021-11-01,1.28
Waterloo & City,2021-12-01,1.39
Waterloo & City,2022-01-01,2.22
Waterloo & City,2022-02-01,2.35
Waterloo & City,2022-03-01,2.24
Waterloo & City,2022-04-01,1.62
Waterloo & City,2022-05-01,2.44
Waterloo & City,2022-06-01,2.05
Waterloo & City,2022-07-01,1.82
Waterloo & City,2022-08-01,2.36
Waterloo & City,2022-09-01,2.45
Waterloo & City,2022-10-01,2.26
Waterloo & City,2022-11-01,1.89
Waterloo & City,2022-12-01,1.2
Waterloo & City,2023-01-01,2.65
Waterloo & City,2023-02-01,1.57
Waterloo & City,2023-03-01,2.6
Waterloo & City,2023-04-01,3.43
Waterloo & City,2023-05-01,2.83
Waterloo & City,2023-06-01,2.05
Waterloo & City,2023-07-01,2.23
Waterloo & City,2023-08-01,1.96
Waterloo & City,2023-09-01,1.42
